<?xml version="1.0" encoding="utf-8"?>
<extension version="3.0" type="plugin" group="system" method="upgrade">
	<name>J!Dump</name>
	<author>Mathias Verraes</author>
	<creationDate>October 31 2012</creationDate>
	<copyright>(c) Mathias Verraes 2006 - 2011</copyright>
	<license>GNU/GPL</license>
	<authorEmail></authorEmail>
	<authorUrl>https://github.com/mathiasverraes/jdump</authorUrl>
	<version>2012-10-31</version>
	<description>
	<![CDATA[
		J!Dump Plugin -- This plugin requires the J!Dump component to function. 
		Don't forget to <a href="index.php?option=com_plugins&view=plugins">publish this plugin!</a>
	]]>
	</description>
	<files>
		<filename plugin="dump">dump.php</filename>
	</files>
	<params>
	</params>
</extension>
